"ids","phenotype"
"1:g.2028260G>A","epilepsy"
"1:g.2030125C>T","epilepsy"
"1:g.154572058G>A","epilepsy"
"1:g.154575855T>C","epilepsy"
"12:g.42460069G>A","epilepsy"
"12:g.42469460A>G","epilepsy"
"12:g.42469464C>T","epilepsy"
"16:g.1195057G>A","epilepsy"
"16:g.1195509G>C","epilepsy"
"16:g.1200279G>A","epilepsy"
"16:g.1200446G>A","epilepsy"
"16:g.1201963C>T","epilepsy"
"16:g.1202114C>T","epilepsy"
"16:g.1202152G>A","epilepsy"
"16:g.1202185G>A","epilepsy"
"16:g.1202416C>T","epilepsy"
"16:g.1204037C>T","epilepsy"
"16:g.1204064C>T","epilepsy"
"16:g.1204160A>C","epilepsy"
"16:g.1204361A>T","epilepsy"
"16:g.1206126G>A","epilepsy"
"16:g.1206259C>T","epilepsy"
"16:g.1208033G>T","epilepsy"
"16:g.1208064G>A","epilepsy"
"16:g.1208189G>A","epilepsy"
"16:g.1209107A>G","epilepsy"
"16:g.1209290G>A","epilepsy"
"16:g.1210082G>T","epilepsy"
"16:g.1211794G>A","epilepsy"
"16:g.1215315G>A","epilepsy"
"16:g.1217973A>G","epilepsy"
"16:g.1218439G>T","epilepsy"
"16:g.1218604C>T","epilepsy"
"16:g.1218979C>T","epilepsy"
"16:g.1219071G>A","epilepsy"
"16:g.1220449C>T","epilepsy"
"16:g.1220585G>A","epilepsy"
"16:g.1220780A>T","epilepsy"
"16:g.1220866A>G","epilepsy"
"16:g.7518256C>A","epilepsy"
"16:g.78425018C>G","epilepsy"
"17:g.46923199C>A","epilepsy"
"17:g.46931204G>A","epilepsy"
"17:g.47944699G>A","epilepsy"
"17:g.63710564G>C","epilepsy"
"17:g.79097406G>T","epilepsy"
"2:g.151870575T>C","epilepsy"
"2:g.166036278C>T","epilepsy"
"2:g.166043901C>T","epilepsy"
"2:g.166198860G>A","epilepsy"
"2:g.166198883T>C","epilepsy"
"2:g.166204084A>G","epilepsy"
"2:g.166242623T>G","epilepsy"
"2:g.166251835C>A","epilepsy"
"2:g.166251875C>T","epilepsy"
"2:g.166277030T>G","epilepsy"
"2:g.166278220T>C","epilepsy"
"2:g.166278265T>C","epilepsy"
"2:g.166280510C>G","epilepsy"
"2:g.166284589G>A","epilepsy"
"2:g.166284599G>T","epilepsy"
"2:g.166286469C>T","epilepsy"
"2:g.166305834C>T","epilepsy"
"20:g.63349861G>A","epilepsy"
"20:g.63350059G>A","epilepsy"
"20:g.63356062C>T","epilepsy"
"22:g.31822706C>T","epilepsy"
"22:g.31833945C>T","epilepsy"
"3:g.11020276A>G","epilepsy"
"3:g.11029272C>A","epilepsy"
"4:g.76168404C>T","epilepsy"
"4:g.76179654T>C","epilepsy"
"4:g.76181015C>T","epilepsy"
"5:g.126552023T>G","epilepsy"
"5:g.126552104T>C","epilepsy"
"5:g.161689666C>T","epilepsy"
"6:g.52438493C>G","epilepsy"
"6:g.52438493C>T","epilepsy"
"6:g.52438563G>A","epilepsy"
"6:g.52454252G>A","epilepsy"
"6:g.52465047G>A","epilepsy"
"6:g.52479101T>C","epilepsy"
"6:g.52490319A>G","epilepsy"
"6:g.52492273A>C","epilepsy"
"6:g.145735336G>T","epilepsy"
"6:g.145735363C>G","epilepsy"
"7:g.103561880C>T","epilepsy"
"7:g.103610771T>C","epilepsy"
"8:g.27467305T>C","epilepsy"
"8:g.27470994G>A","epilepsy"
"8:g.67484680T>C","epilepsy"
"8:g.67509533G>C","epilepsy"
"8:g.67624235A>G","epilepsy"
"9:g.128579718T>G","epilepsy"
"1:g.37537842T>C","epilepsy"
"1:g.37540752G>A","epilepsy"
"1:g.42928996T>A","epilepsy"
"10:g.76944851C>T","epilepsy"
"10:g.77090433T>C","epilepsy"
"12:g.42464620A>G","epilepsy"
"15:g.89327201C>T","epilepsy"
"15:g.92924407G>A","epilepsy"
"15:g.93014832C>T","epilepsy"
"16:g.2496587G>C","epilepsy"
"16:g.2496899T>C","epilepsy"
"16:g.2498333G>T","epilepsy"
"16:g.7595618G>A","epilepsy"
"16:g.9764834T>A","epilepsy"
"16:g.9798433C>G","epilepsy"
"16:g.9798454C>T","epilepsy"
"16:g.9822337G>A","epilepsy"
"16:g.9849778A>G","epilepsy"
"16:g.9938274C>T","epilepsy"
"16:g.10180176G>C","epilepsy"
"16:g.30993240C>G","epilepsy"
"16:g.30993375A>T","epilepsy"
"17:g.47941773A>T","epilepsy"
"17:g.47946669C>T","epilepsy"
"17:g.47946670G>A","epilepsy"
"17:g.47946681C>T","epilepsy"
"17:g.47946682G>A","epilepsy"
"17:g.63710782C>T","epilepsy"
"17:g.63714042G>A","epilepsy"
"17:g.63714053C>A","epilepsy"
"19:g.13136099C>T","epilepsy"
"19:g.35033545G>A","epilepsy"
"19:g.35033654C>G","epilepsy"
"19:g.35039140G>C","epilepsy"
"2:g.165331362T>C","epilepsy"
"2:g.165991495C>G","epilepsy"
"2:g.165991549G>A","epilepsy"
"2:g.165991720A>G","epilepsy"
"2:g.165991760G>C","epilepsy"
"2:g.165991853A>G","epilepsy"
"2:g.165991927G>A","epilepsy"
"2:g.165991928C>T","epilepsy"
"2:g.165991929G>C","epilepsy"
"2:g.165992011T>C","epilepsy"
"2:g.165992053C>T","epilepsy"
"2:g.165992129A>G","epilepsy"
"2:g.165992149G>A","epilepsy"
"2:g.165992167T>A","epilepsy"
"2:g.165992169A>T","epilepsy"
"2:g.165992212C>A","epilepsy"
"2:g.165992261T>G","epilepsy"
"2:g.165992269G>T","epilepsy"
"2:g.165992272G>C","epilepsy"
"2:g.165992278G>A","epilepsy"
"2:g.165992290G>A","epilepsy"
"2:g.165992307G>C","epilepsy"
"2:g.165992332C>T","epilepsy"
"2:g.165992333G>A","epilepsy"
"2:g.165992341C>G","epilepsy"
"2:g.165992341C>T","epilepsy"
"2:g.165994167C>A","epilepsy"
"2:g.165994176C>A","epilepsy"
"2:g.165994212G>A","epilepsy"
"2:g.165994232A>C","epilepsy"
"2:g.165994236A>G","epilepsy"
"2:g.165994241C>T","epilepsy"
"2:g.165996047G>C","epilepsy"
"2:g.165998102G>A","epilepsy"
"2:g.165998162G>A","epilepsy"
"2:g.165998163G>T","epilepsy"
"2:g.165999763C>T","epilepsy"
"2:g.166002473A>G","epilepsy"
"2:g.166002588C>G","epilepsy"
"2:g.166002588C>T","epilepsy"
"2:g.166002668A>T","epilepsy"
"2:g.166002670G>C","epilepsy"
"2:g.166002699C>G","epilepsy"
"2:g.166002701A>G","epilepsy"
"2:g.166002712C>T","epilepsy"
"2:g.166002740G>A","epilepsy"
"2:g.166002753C>T","epilepsy"
"2:g.166009822G>C","epilepsy"
"2:g.166012128A>G","epilepsy"
"2:g.166012167T>G","epilepsy"
"2:g.166012170G>A","epilepsy"
"2:g.166012179T>G","epilepsy"
"2:g.166012210T>G","epilepsy"
"2:g.166012225C>G","epilepsy"
"2:g.166012254C>T","epilepsy"
"2:g.166012282C>G","epilepsy"
"2:g.166013788C>G","epilepsy"
"2:g.166013820G>T","epilepsy"
"2:g.166013839A>G","epilepsy"
"2:g.166036521G>A","epilepsy"
"2:g.166037786C>T","epilepsy"
"2:g.166037787C>T","epilepsy"
"2:g.166037793C>T","epilepsy"
"2:g.166037819C>A","epilepsy"
"2:g.166037843A>C","epilepsy"
"2:g.166037846C>T","epilepsy"
"2:g.166037868A>C","epilepsy"
"2:g.166037873C>T","epilepsy"
"2:g.166037885C>G","epilepsy"
"2:g.166037885C>T","epilepsy"
"2:g.166037886G>A","epilepsy"
"2:g.166037891A>G","epilepsy"
"2:g.166037907G>A","epilepsy"
"2:g.166037930C>G","epilepsy"
"2:g.166037930C>T","epilepsy"
"2:g.166037931G>A","epilepsy"
"2:g.166037942C>A","epilepsy"
"2:g.166037994G>T","epilepsy"
"2:g.166038032A>G","epilepsy"
"2:g.166038098G>A","epilepsy"
"2:g.166038107G>T","epilepsy"
"2:g.166039424A>C","epilepsy"
"2:g.166039428G>C","epilepsy"
"2:g.166039436C>T","epilepsy"
"2:g.166039437G>A","epilepsy"
"2:g.166039475T>C","epilepsy"
"2:g.166039533A>C","epilepsy"
"2:g.166041293T>C","epilepsy"
"2:g.166041343G>A","epilepsy"
"2:g.166041385C>A","epilepsy"
"2:g.166041433C>A","epilepsy"
"2:g.166043742G>A","epilepsy"
"2:g.166043836T>C","epilepsy"
"2:g.166046882A>G","epilepsy"
"2:g.166046888G>A","epilepsy"
"2:g.166046948A>T","epilepsy"
"2:g.166046969C>T","epilepsy"
"2:g.166046970G>A","epilepsy"
"2:g.166047635A>G","epilepsy"
"2:g.166047651G>T","epilepsy"
"2:g.166047661A>T","epilepsy"
"2:g.166047667C>T","epilepsy"
"2:g.166047725G>A","epilepsy"
"2:g.166047749T>C","epilepsy"
"2:g.166047751T>C","epilepsy"
"2:g.166047764A>G","epilepsy"
"2:g.166048889G>A","epilepsy"
"2:g.166048890C>A","epilepsy"
"2:g.166048907C>T","epilepsy"
"2:g.166051845A>G","epilepsy"
"2:g.166051857T>G","epilepsy"
"2:g.166051906G>T","epilepsy"
"2:g.166051914A>G","epilepsy"
"2:g.166051936A>C","epilepsy"
"2:g.166051955G>T","epilepsy"
"2:g.166051968C>T","epilepsy"
"2:g.166052866A>C","epilepsy"
"2:g.166052869G>A","epilepsy"
"2:g.166052871C>G","epilepsy"
"2:g.166054660C>T","epilepsy"
"2:g.166054672A>G","epilepsy"
"2:g.166054710C>A","epilepsy"
"2:g.166056450A>G","epilepsy"
"2:g.166056451T>C","epilepsy"
"2:g.166058573T>A","epilepsy"
"2:g.166058616G>T","epilepsy"
"2:g.166058630A>G","epilepsy"
"2:g.166058645C>A","epilepsy"
"2:g.166058651C>T","epilepsy"
"2:g.166058652G>A","epilepsy"
"2:g.166058684A>G","epilepsy"
"2:g.166073371T>C","epilepsy"
"2:g.166073552C>T","epilepsy"
"2:g.166228969C>A","epilepsy"
"20:g.8790220C>T","epilepsy"
"20:g.63350560G>A","epilepsy"
"20:g.63408524G>C","epilepsy"
"3:g.11017342G>A","epilepsy"
"3:g.11025564G>A","epilepsy"
"3:g.11025786C>T","epilepsy"
"3:g.11025812G>A","epilepsy"
"3:g.11026281G>C","epilepsy"
"3:g.11026351C>T","epilepsy"
"3:g.11031230C>G","epilepsy"
"5:g.88804743A>T","epilepsy"
"5:g.88804776C>G","epilepsy"
"5:g.88804785C>T","epilepsy"
"5:g.88823780T>A","epilepsy"
"5:g.126546376C>G","epilepsy"
"5:g.126552059C>G","epilepsy"
"5:g.126554294C>A","epilepsy"
"5:g.126559262C>T","epilepsy"
"5:g.126561094T>A","epilepsy"
"5:g.126577133G>A","epilepsy"
"5:g.126577140G>A","epilepsy"
"5:g.126577145T>C","epilepsy"
"5:g.126577199G>T","epilepsy"
"5:g.161882639G>A","epilepsy"
"5:g.162104026G>A","epilepsy"
"5:g.162149153G>A","epilepsy"
"6:g.52452742G>A","epilepsy"
"6:g.145686284T>C","epilepsy"
"7:g.103556983T>C","epilepsy"
"8:g.1771124C>G","epilepsy"
"8:g.1780316C>T","epilepsy"
"8:g.38253642G>C","epilepsy"
"8:g.132170427G>A","epilepsy"
"8:g.132174283C>T","epilepsy"
"9:g.6589230C>G","epilepsy"
"9:g.128584312C>T","epilepsy"
"9:g.128611792G>A","epilepsy"
"9:g.128632218A>G","epilepsy"
"9:g.137163819T>C","epilepsy"
"1:g.6468009C>G","muscular_conditions"
"1:g.6468242T>C","muscular_conditions"
"1:g.6468255G>A","muscular_conditions"
"1:g.6468260C>T","muscular_conditions"
"1:g.6468378C>T","muscular_conditions"
"1:g.6468408C>T","muscular_conditions"
"1:g.6473333G>C","muscular_conditions"
"1:g.6475089A>G","muscular_conditions"
"1:g.25805163G>A","muscular_conditions"
"1:g.25808625G>A","muscular_conditions"
"1:g.25814082C>A","muscular_conditions"
"1:g.25815690G>A","muscular_conditions"
"11:g.22227542G>A","muscular_conditions"
"11:g.22227554A>G","muscular_conditions"
"11:g.22239606C>G","muscular_conditions"
"11:g.22274687T>G","muscular_conditions"
"11:g.22274720C>T","muscular_conditions"
"11:g.22279669C>G","muscular_conditions"
"11:g.68906205G>A","muscular_conditions"
"11:g.68908232C>T","muscular_conditions"
"11:g.68911494T>C","muscular_conditions"
"11:g.68914934A>G","muscular_conditions"
"11:g.68933357G>A","muscular_conditions"
"11:g.68936491A>G","muscular_conditions"
"11:g.68936560C>T","muscular_conditions"
"11:g.68938206C>A","muscular_conditions"
"11:g.68938352G>A","muscular_conditions"
"12:g.109783719C>T","muscular_conditions"
"12:g.109783739T>C","muscular_conditions"
"12:g.109792763G>C","muscular_conditions"
"12:g.109792792C>T","muscular_conditions"
"12:g.109803054C>A","muscular_conditions"
"12:g.109814645G>A","muscular_conditions"
"12:g.109814742G>A","muscular_conditions"
"13:g.23250679G>A","muscular_conditions"
"14:g.63949846C>G","muscular_conditions"
"14:g.63977907C>A","muscular_conditions"
"14:g.63981058T>C","muscular_conditions"
"14:g.63983761A>G","muscular_conditions"
"14:g.64000640A>C","muscular_conditions"
"14:g.64003110C>T","muscular_conditions"
"14:g.64003219T>C","muscular_conditions"
"14:g.64021319T>C","muscular_conditions"
"14:g.64021350T>A","muscular_conditions"
"14:g.64022021A>T","muscular_conditions"
"14:g.64022760A>G","muscular_conditions"
"14:g.64022834A>C","muscular_conditions"
"14:g.64024977T>C","muscular_conditions"
"14:g.64027683T>A","muscular_conditions"
"14:g.64030031C>T","muscular_conditions"
"14:g.64031176C>A","muscular_conditions"
"14:g.64031211A>G","muscular_conditions"
"14:g.64031212G>A","muscular_conditions"
"14:g.64031232T>C","muscular_conditions"
"14:g.64031260T>C","muscular_conditions"
"14:g.64031298G>A","muscular_conditions"
"14:g.64031299A>G","muscular_conditions"
"14:g.64031319G>A","muscular_conditions"
"14:g.64049700G>C","muscular_conditions"
"14:g.64049702T>G","muscular_conditions"
"14:g.64049839A>G","muscular_conditions"
"14:g.64051603A>G","muscular_conditions"
"14:g.64051811A>G","muscular_conditions"
"14:g.64051954G>A","muscular_conditions"
"14:g.64052317A>G","muscular_conditions"
"14:g.64052510C>T","muscular_conditions"
"14:g.64052737A>G","muscular_conditions"
"14:g.64052936T>C","muscular_conditions"
"14:g.64052991A>T","muscular_conditions"
"14:g.64053260A>G","muscular_conditions"
"14:g.64053302A>G","muscular_conditions"
"14:g.64053309G>C","muscular_conditions"
"14:g.64053415A>G","muscular_conditions"
"14:g.64055956G>C","muscular_conditions"
"14:g.64056125A>G","muscular_conditions"
"14:g.64056173C>T","muscular_conditions"
"14:g.64062879G>A","muscular_conditions"
"14:g.64065488C>G","muscular_conditions"
"14:g.64070723A>G","muscular_conditions"
"14:g.64070780A>C","muscular_conditions"
"14:g.64074105A>G","muscular_conditions"
"14:g.64091007C>G","muscular_conditions"
"14:g.64091016A>C","muscular_conditions"
"14:g.64091016A>G","muscular_conditions"
"14:g.64093373T>C","muscular_conditions"
"14:g.64093415T>C","muscular_conditions"
"14:g.64097962G>A","muscular_conditions"
"14:g.64098030G>A","muscular_conditions"
"14:g.64107594A>G","muscular_conditions"
"14:g.64113357T>C","muscular_conditions"
"14:g.64122107C>A","muscular_conditions"
"14:g.64129819A>G","muscular_conditions"
"14:g.64130105C>A","muscular_conditions"
"14:g.64137874C>G","muscular_conditions"
"14:g.64137877G>A","muscular_conditions"
"14:g.64142038C>T","muscular_conditions"
"14:g.64146140C>A","muscular_conditions"
"14:g.64158626T>C","muscular_conditions"
"14:g.64162155C>T","muscular_conditions"
"14:g.64163522T>A","muscular_conditions"
"14:g.64165327T>A","muscular_conditions"
"14:g.64167266G>A","muscular_conditions"
"14:g.64186428T>C","muscular_conditions"
"14:g.64216260C>T","muscular_conditions"
"14:g.64218436A>C","muscular_conditions"
"14:g.64218494A>G","muscular_conditions"
"14:g.64220587G>A","muscular_conditions"
"14:g.64221631G>A","muscular_conditions"
"14:g.64221672C>T","muscular_conditions"
"14:g.64223195G>A","muscular_conditions"
"14:g.64223337G>A","muscular_conditions"
"14:g.64224488G>A","muscular_conditions"
"14:g.77278484C>T","muscular_conditions"
"14:g.77286814C>T","muscular_conditions"
"14:g.77320521G>T","muscular_conditions"
"15:g.42359878C>T","muscular_conditions"
"15:g.42384492G>A","muscular_conditions"
"15:g.42386266C>G","muscular_conditions"
"15:g.42387805C>T","muscular_conditions"
"15:g.42389001G>A","muscular_conditions"
"15:g.42410952G>A","muscular_conditions"
"17:g.50175393C>T","muscular_conditions"
"18:g.2728561A>G","muscular_conditions"
"18:g.2769782C>T","muscular_conditions"
"19:g.38467757G>A","muscular_conditions"
"19:g.38473635A>G","muscular_conditions"
"19:g.38486015C>T","muscular_conditions"
"19:g.38489263G>C","muscular_conditions"
"19:g.38492540G>T","muscular_conditions"
"19:g.38505358C>G","muscular_conditions"
"19:g.38507722G>A","muscular_conditions"
"19:g.38528602C>G","muscular_conditions"
"19:g.38534726C>G","muscular_conditions"
"19:g.38543804C>T","muscular_conditions"
"19:g.38566975C>T","muscular_conditions"
"19:g.46755685G>A","muscular_conditions"
"19:g.46755970A>T","muscular_conditions"
"19:g.46756272C>G","muscular_conditions"
"2:g.71526286G>C","muscular_conditions"
"2:g.71600724G>A","muscular_conditions"
"2:g.71602794A>G","muscular_conditions"
"2:g.219282007G>A","muscular_conditions"
"2:g.219284820G>C","muscular_conditions"
"2:g.237340988G>A","muscular_conditions"
"2:g.237353378G>A","muscular_conditions"
"2:g.237368736C>T","muscular_conditions"
"21:g.46002046T>C","muscular_conditions"
"21:g.46003475G>A","muscular_conditions"
"21:g.46003595C>T","muscular_conditions"
"22:g.23766251G>T","muscular_conditions"
"22:g.23767499C>A","muscular_conditions"
"22:g.33277184C>T","muscular_conditions"
"22:g.33283303C>A","muscular_conditions"
"22:g.38740278C>T","muscular_conditions"
"22:g.38741508C>T","muscular_conditions"
"22:g.38742327G>A","muscular_conditions"
"22:g.38748742G>A","muscular_conditions"
"22:g.38750260G>A","muscular_conditions"
"22:g.38751341C>T","muscular_conditions"
"22:g.38752532T>C","muscular_conditions"
"3:g.8745577G>A","muscular_conditions"
"3:g.8745627C>G","muscular_conditions"
"3:g.49510793A>G","muscular_conditions"
"3:g.49530842G>A","muscular_conditions"
"3:g.49532742G>C","muscular_conditions"
"4:g.52033582C>A","muscular_conditions"
"4:g.82429335G>A","muscular_conditions"
"5:g.137870800A>G","muscular_conditions"
"5:g.156344500G>C","muscular_conditions"
"5:g.156508698G>A","muscular_conditions"
"6:g.75089136A>G","muscular_conditions"
"6:g.75105234A>G","muscular_conditions"
"6:g.75113656T>C","muscular_conditions"
"6:g.75123971C>T","muscular_conditions"
"6:g.75125144G>A","muscular_conditions"
"6:g.75125255T>A","muscular_conditions"
"6:g.75128355G>T","muscular_conditions"
"6:g.75130857C>T","muscular_conditions"
"6:g.75138453C>T","muscular_conditions"
"6:g.75142113A>C","muscular_conditions"
"6:g.75165525C>T","muscular_conditions"
"6:g.75177825G>A","muscular_conditions"
"6:g.75181206C>A","muscular_conditions"
"6:g.75189584T>G","muscular_conditions"
"6:g.129250185G>A","muscular_conditions"
"6:g.129314655G>A","muscular_conditions"
"6:g.129491908A>G","muscular_conditions"
"6:g.129503261A>G","muscular_conditions"
"6:g.129507540C>T","muscular_conditions"
"6:g.152122609G>T","muscular_conditions"
"6:g.152122621C>T","muscular_conditions"
"6:g.152122626C>T","muscular_conditions"
"6:g.152132156G>A","muscular_conditions"
"6:g.152148053C>G","muscular_conditions"
"6:g.152148069G>A","muscular_conditions"
"6:g.152149617C>A","muscular_conditions"
"6:g.152149638T>G","muscular_conditions"
"6:g.152164210C>T","muscular_conditions"
"6:g.152206185G>C","muscular_conditions"
"6:g.152211567T>C","muscular_conditions"
"6:g.152219143A>C","muscular_conditions"
"6:g.152239609G>A","muscular_conditions"
"6:g.152242435C>A","muscular_conditions"
"6:g.152262123T>A","muscular_conditions"
"6:g.152284000G>A","muscular_conditions"
"6:g.152294013C>T","muscular_conditions"
"6:g.152308496C>T","muscular_conditions"
"6:g.152318975G>A","muscular_conditions"
"6:g.152321345T>G","muscular_conditions"
"6:g.152326083C>T","muscular_conditions"
"6:g.152326546A>T","muscular_conditions"
"6:g.152330578C>T","muscular_conditions"
"6:g.152330899A>T","muscular_conditions"
"6:g.152331049C>T","muscular_conditions"
"6:g.152334195C>T","muscular_conditions"
"6:g.152334237C>T","muscular_conditions"
"6:g.152336927C>G","muscular_conditions"
"6:g.152337006C>A","muscular_conditions"
"6:g.152337007T>C","muscular_conditions"
"6:g.152339242G>A","muscular_conditions"
"6:g.152344126C>A","muscular_conditions"
"6:g.152344136G>A","muscular_conditions"
"6:g.152347076A>G","muscular_conditions"
"6:g.152350730T>G","muscular_conditions"
"6:g.152352066C>T","muscular_conditions"
"6:g.152354758T>G","muscular_conditions"
"6:g.152358383C>T","muscular_conditions"
"6:g.152362262C>T","muscular_conditions"
"6:g.152364970A>G","muscular_conditions"
"6:g.152369015G>A","muscular_conditions"
"6:g.152369580C>T","muscular_conditions"
"6:g.152387175G>A","muscular_conditions"
"6:g.152387223A>C","muscular_conditions"
"6:g.152390293C>T","muscular_conditions"
"6:g.152395617C>A","muscular_conditions"
"6:g.152401278C>T","muscular_conditions"
"6:g.152409138T>C","muscular_conditions"
"6:g.152413447A>C","muscular_conditions"
"6:g.152417008G>A","muscular_conditions"
"6:g.152425458A>T","muscular_conditions"
"6:g.152428292G>A","muscular_conditions"
"6:g.152430143G>T","muscular_conditions"
"6:g.152430561C>T","muscular_conditions"
"6:g.152442193G>A","muscular_conditions"
"6:g.152451129A>G","muscular_conditions"
"6:g.152453618C>T","muscular_conditions"
"6:g.152455436C>T","muscular_conditions"
"6:g.152455960A>C","muscular_conditions"
"6:g.152458798G>A","muscular_conditions"
"6:g.152458930C>T","muscular_conditions"
"6:g.152462768C>T","muscular_conditions"
"6:g.152462811T>C","muscular_conditions"
"6:g.152463486T>C","muscular_conditions"
"6:g.152465352G>A","muscular_conditions"
"6:g.152484879C>T","muscular_conditions"
"7:g.838946G>T","muscular_conditions"
"7:g.841957A>C","muscular_conditions"
"7:g.843451G>A","muscular_conditions"
"7:g.843470C>T","muscular_conditions"
"7:g.851463G>T","muscular_conditions"
"7:g.860183G>T","muscular_conditions"
"7:g.860249C>T","muscular_conditions"
"7:g.869482A>G","muscular_conditions"
"7:g.16258999G>T","muscular_conditions"
"7:g.16406188G>A","muscular_conditions"
"7:g.16421256C>A","muscular_conditions"
"7:g.16421268T>G","muscular_conditions"
"7:g.16421291G>C","muscular_conditions"
"7:g.30594932C>T","muscular_conditions"
"7:g.30595045C>G","muscular_conditions"
"7:g.30609652C>T","muscular_conditions"
"7:g.30616027G>A","muscular_conditions"
"7:g.30633852G>A","muscular_conditions"
"7:g.157416078T>C","muscular_conditions"
"8:g.143916419C>T","muscular_conditions"
"8:g.143916616G>A","muscular_conditions"
"8:g.143917004G>A","muscular_conditions"
"8:g.143917037C>T","muscular_conditions"
"8:g.143918101G>A","muscular_conditions"
"8:g.143918210C>T","muscular_conditions"
"8:g.143918222C>G","muscular_conditions"
"8:g.143919763C>G","muscular_conditions"
"8:g.143919775G>A","muscular_conditions"
"8:g.143919860C>T","muscular_conditions"
"8:g.143919926G>A","muscular_conditions"
"8:g.143920748C>T","muscular_conditions"
"8:g.143921001G>C","muscular_conditions"
"8:g.143921332T>C","muscular_conditions"
"8:g.143921391G>C","muscular_conditions"
"8:g.143921639T>C","muscular_conditions"
"8:g.143921771G>A","muscular_conditions"
"8:g.143921809C>T","muscular_conditions"
"8:g.143921870G>A","muscular_conditions"
"8:g.143921941G>C","muscular_conditions"
"8:g.143923172C>T","muscular_conditions"
"8:g.143923618G>A","muscular_conditions"
"8:g.143923870T>G","muscular_conditions"
"8:g.143924007C>G","muscular_conditions"
"8:g.143924276C>T","muscular_conditions"
"8:g.143924327G>A","muscular_conditions"
"8:g.143924452C>T","muscular_conditions"
"8:g.143924453G>A","muscular_conditions"
"8:g.143924458G>A","muscular_conditions"
"8:g.143924764G>A","muscular_conditions"
"8:g.143925056C>T","muscular_conditions"
"8:g.143925373G>A","muscular_conditions"
"8:g.143925706G>A","muscular_conditions"
"8:g.143925767G>A","muscular_conditions"
"8:g.143927053T>C","muscular_conditions"
"8:g.143927314G>C","muscular_conditions"
"8:g.143927484G>A","muscular_conditions"
"8:g.143929517C>T","muscular_conditions"
"8:g.143930208C>T","muscular_conditions"
"8:g.143932824C>T","muscular_conditions"
"8:g.143932901C>A","muscular_conditions"
"8:g.143934868C>T","muscular_conditions"
"8:g.143934901C>T","muscular_conditions"
"9:g.34635682G>A","muscular_conditions"
"9:g.92715372T>C","muscular_conditions"
"9:g.105604218G>A","muscular_conditions"
"9:g.105604453G>A","muscular_conditions"
"9:g.105607839C>T","muscular_conditions"
"9:g.105635214A>G","muscular_conditions"
"9:g.131515483C>A","muscular_conditions"
"9:g.131522077C>T","muscular_conditions"
"9:g.131522988C>T","muscular_conditions"
"9:g.131523065C>T","muscular_conditions"
"1:g.1806503A>T","muscular_conditions"
"1:g.1806509T>C","muscular_conditions"
"1:g.1806515T>C","muscular_conditions"
"1:g.6471630G>A","muscular_conditions"
"1:g.25809096G>A","muscular_conditions"
"1:g.25809150G>A","muscular_conditions"
"1:g.25809753G>A","muscular_conditions"
"1:g.25812763G>C","muscular_conditions"
"1:g.25813890G>A","muscular_conditions"
"1:g.156130688C>T","muscular_conditions"
"1:g.156134829C>T","muscular_conditions"
"1:g.156134839G>A","muscular_conditions"
"1:g.156134910C>T","muscular_conditions"
"1:g.156134911G>A","muscular_conditions"
"1:g.156135967C>T","muscular_conditions"
"1:g.156136009C>T","muscular_conditions"
"1:g.156136036G>A","muscular_conditions"
"1:g.156136094G>A","muscular_conditions"
"1:g.156136103T>C","muscular_conditions"
"1:g.156136413C>T","muscular_conditions"
"1:g.156136985G>A","muscular_conditions"
"1:g.156137204G>C","muscular_conditions"
"1:g.156137207C>A","muscular_conditions"
"1:g.156137213T>C","muscular_conditions"
"1:g.229431994C>G","muscular_conditions"
"10:g.100989331G>A","muscular_conditions"
"11:g.22236206G>T","muscular_conditions"
"11:g.22255485C>G","muscular_conditions"
"11:g.22259520T>G","muscular_conditions"
"11:g.22262231T>C","muscular_conditions"
"11:g.22270431A>G","muscular_conditions"
"11:g.22274605C>T","muscular_conditions"
"11:g.68929204T>C","muscular_conditions"
"11:g.68929278T>C","muscular_conditions"
"11:g.68933854C>T","muscular_conditions"
"11:g.68934466G>A","muscular_conditions"
"12:g.49185162G>A","muscular_conditions"
"12:g.109784378G>C","muscular_conditions"
"12:g.109784385C>T","muscular_conditions"
"12:g.109786827G>A","muscular_conditions"
"12:g.109792396C>T","muscular_conditions"
"12:g.109792695C>T","muscular_conditions"
"12:g.109792704T>C","muscular_conditions"
"12:g.109793560G>T","muscular_conditions"
"12:g.109798819C>T","muscular_conditions"
"12:g.109798820G>A","muscular_conditions"
"12:g.109798823G>A","muscular_conditions"
"12:g.109800645T>C","muscular_conditions"
"12:g.109800665C>T","muscular_conditions"
"12:g.109800666G>A","muscular_conditions"
"12:g.109803009G>A","muscular_conditions"
"12:g.109808298C>T","muscular_conditions"
"12:g.109814565C>A","muscular_conditions"
"13:g.23320639T>C","muscular_conditions"
"13:g.23320748T>A","muscular_conditions"
"13:g.23324452G>A","muscular_conditions"
"13:g.23324513G>A","muscular_conditions"
"14:g.23321504G>C","muscular_conditions"
"14:g.77277386C>G","muscular_conditions"
"14:g.77277452C>T","muscular_conditions"
"14:g.77278764T>C","muscular_conditions"
"14:g.77285520C>A","muscular_conditions"
"14:g.77291380C>A","muscular_conditions"
"14:g.77296223C>T","muscular_conditions"
"14:g.77301169C>T","muscular_conditions"
"14:g.77302940G>A","muscular_conditions"
"14:g.101980380G>T","muscular_conditions"
"14:g.101986017C>T","muscular_conditions"
"14:g.101986236A>G","muscular_conditions"
"14:g.101986552C>T","muscular_conditions"
"14:g.101991567A>G","muscular_conditions"
"14:g.101997073G>T","muscular_conditions"
"15:g.42359938G>A","muscular_conditions"
"15:g.42359950C>T","muscular_conditions"
"15:g.42360050C>T","muscular_conditions"
"15:g.42360062C>T","muscular_conditions"
"15:g.42360096C>A","muscular_conditions"
"15:g.42388996G>A","muscular_conditions"
"15:g.42390016C>T","muscular_conditions"
"15:g.42394289C>T","muscular_conditions"
"15:g.42394306G>C","muscular_conditions"
"15:g.42399548C>T","muscular_conditions"
"15:g.42399607C>T","muscular_conditions"
"15:g.42399616C>T","muscular_conditions"
"15:g.42399617G>A","muscular_conditions"
"15:g.42399631G>A","muscular_conditions"
"15:g.42399640C>T","muscular_conditions"
"15:g.42399641G>A","muscular_conditions"
"15:g.42401667C>T","muscular_conditions"
"15:g.42401721A>G","muscular_conditions"
"15:g.42401751C>T","muscular_conditions"
"15:g.42401752G>A","muscular_conditions"
"15:g.42401754C>T","muscular_conditions"
"15:g.42401755G>A","muscular_conditions"
"15:g.42401763C>T","muscular_conditions"
"15:g.42402878C>T","muscular_conditions"
"15:g.42402914G>A","muscular_conditions"
"15:g.42402956G>T","muscular_conditions"
"15:g.42402971C>T","muscular_conditions"
"15:g.42402972G>A","muscular_conditions"
"15:g.42410432A>G","muscular_conditions"
"15:g.42410446C>T","muscular_conditions"
"15:g.42410645C>G","muscular_conditions"
"15:g.42410646G>A","muscular_conditions"
"15:g.42410908A>G","muscular_conditions"
"15:g.42410926G>A","muscular_conditions"
"15:g.42410958G>C","muscular_conditions"
"15:g.42411299C>A","muscular_conditions"
"17:g.50167422T>C","muscular_conditions"
"17:g.50167430C>T","muscular_conditions"
"17:g.50167431G>A","muscular_conditions"
"17:g.50167653C>T","muscular_conditions"
"17:g.50167716C>T","muscular_conditions"
"17:g.50167717G>A","muscular_conditions"
"17:g.50168005T>C","muscular_conditions"
"17:g.50168397G>A","muscular_conditions"
"17:g.50168398A>G","muscular_conditions"
"17:g.50168512T>C","muscular_conditions"
"17:g.50169246G>A","muscular_conditions"
"17:g.50170245C>T","muscular_conditions"
"18:g.2667015A>C","muscular_conditions"
"18:g.2667017G>A","muscular_conditions"
"18:g.2700851C>T","muscular_conditions"
"18:g.2707567C>T","muscular_conditions"
"19:g.46755716C>T","muscular_conditions"
"19:g.46755995A>G","muscular_conditions"
"19:g.46756113C>A","muscular_conditions"
"19:g.46756129G>C","muscular_conditions"
"19:g.46756276C>A","muscular_conditions"
"19:g.46756349T>C","muscular_conditions"
"19:g.46756369T>A","muscular_conditions"
"19:g.46756376A>G","muscular_conditions"
"19:g.46756391C>T","muscular_conditions"
"19:g.46756403G>A","muscular_conditions"
"19:g.46756663G>T","muscular_conditions"
"19:g.46756793C>T","muscular_conditions"
"19:g.46756814C>A","muscular_conditions"
"19:g.46756837A>G","muscular_conditions"
"2:g.71517028G>A","muscular_conditions"
"2:g.71517028G>T","muscular_conditions"
"2:g.71553110G>C","muscular_conditions"
"2:g.71553131G>T","muscular_conditions"
"2:g.71564074C>G","muscular_conditions"
"2:g.71569884C>T","muscular_conditions"
"2:g.71570277T>C","muscular_conditions"
"2:g.71570300G>T","muscular_conditions"
"2:g.71570608A>G","muscular_conditions"
"2:g.71570680G>A","muscular_conditions"
"2:g.71570704G>A","muscular_conditions"
"2:g.71612726G>A","muscular_conditions"
"2:g.71665181C>T","muscular_conditions"
"2:g.71667376A>G","muscular_conditions"
"2:g.71667477C>T","muscular_conditions"
"2:g.71668842G>A","muscular_conditions"
"2:g.71669191G>A","muscular_conditions"
"2:g.71669207G>A","muscular_conditions"
"2:g.71682597C>T","muscular_conditions"
"2:g.219425734C>T","muscular_conditions"
"20:g.58418318C>T","muscular_conditions"
"21:g.45989120G>A","muscular_conditions"
"21:g.45989129G>A","muscular_conditions"
"21:g.45989617G>C","muscular_conditions"
"21:g.46132118C>A","muscular_conditions"
"22:g.23767438C>A","muscular_conditions"
"22:g.23767591C>A","muscular_conditions"
"22:g.33304434C>T","muscular_conditions"
"22:g.33304476A>G","muscular_conditions"
"22:g.33384205G>A","muscular_conditions"
"3:g.8733956G>A","muscular_conditions"
"3:g.8745547G>A","muscular_conditions"
"3:g.8745725C>T","muscular_conditions"
"3:g.14130912G>A","muscular_conditions"
"3:g.49510754G>A","muscular_conditions"
"3:g.49531086C>T","muscular_conditions"
"3:g.81537080T>C","muscular_conditions"
"3:g.81642989G>A","muscular_conditions"
"3:g.81646466C>G","muscular_conditions"
"4:g.52028899G>C","muscular_conditions"
"4:g.52029766G>A","muscular_conditions"
"4:g.52029784A>C","muscular_conditions"
"4:g.52029835C>G","muscular_conditions"
"4:g.82426523C>G","muscular_conditions"
"5:g.70076545G>C","muscular_conditions"
"5:g.137870815C>T","muscular_conditions"
"5:g.137870821C>T","muscular_conditions"
"5:g.156594940G>C","muscular_conditions"
"5:g.156759301G>A","muscular_conditions"
"6:g.75121387A>G","muscular_conditions"
"6:g.129481381T>C","muscular_conditions"
"6:g.129505317G>A","muscular_conditions"
"6:g.152151987C>T","muscular_conditions"
"7:g.16376129G>T","muscular_conditions"
"7:g.16376138A>C","muscular_conditions"
"7:g.16406129C>T","muscular_conditions"
"7:g.16406231C>G","muscular_conditions"
"7:g.30612214A>T","muscular_conditions"
"7:g.30621448A>G","muscular_conditions"
"7:g.157367402T>A","muscular_conditions"
"7:g.157367408T>A","muscular_conditions"
"7:g.157367410C>G","muscular_conditions"
"7:g.157367414T>C","muscular_conditions"
"7:g.157367416C>A","muscular_conditions"
"7:g.157367416C>G","muscular_conditions"
"7:g.157367424C>G","muscular_conditions"
"7:g.157367435T>G","muscular_conditions"
"8:g.93786255C>T","muscular_conditions"
"8:g.93795970T>C","muscular_conditions"
"9:g.92715401T>C","muscular_conditions"
"9:g.92717947G>A","muscular_conditions"
"9:g.92719122T>G","muscular_conditions"
"9:g.92719143C>G","muscular_conditions"
"9:g.92722699T>G","muscular_conditions"
"9:g.92729157G>A","muscular_conditions"
"9:g.105604354C>A","muscular_conditions"
"9:g.105604372T>C","muscular_conditions"
"9:g.105617968G>A","muscular_conditions"
"9:g.131506184G>A","muscular_conditions"
"9:g.131508913A>G","muscular_conditions"
"9:g.131508926C>A","muscular_conditions"
"9:g.131509801G>C","muscular_conditions"
"9:g.131513331C>T","muscular_conditions"
"9:g.131520175G>C","muscular_conditions"
"9:g.131521351G>C","muscular_conditions"
"9:g.131522113C>T","muscular_conditions"
"9:g.131522142C>T","muscular_conditions"
"9:g.131522160G>A","muscular_conditions"
"9:g.132330432A>G","muscular_conditions"
"9:g.136418630G>A","muscular_conditions"
"9:g.136418847G>A","muscular_conditions"
